"","X","ID","Description","GeneRatio","BgRatio","pvalue","p.adjust","qvalue","geneID","Count"
"225","GO:0001654","GO:0001654","eye development","31/788","388/18903",0.000432036810995221,0.00995028779812104,0.00804447489010984,"MFAP2/GRHL3/PROX1/THRB/COL8A1/CLCN2/SLC7A11/PDE6A/BMP6/CITED2/TWIST1/INHBA/WNT2/SHH/KLF4/FJX1/THY1/ACVRL1/SLC39A5/COL4A1/BMP4/STRA6/NKD1/RPGRIP1L/HSF4/SOX9/BCL2/PBX4/BFSP1/TGIF2/BMP7",31
"223","GO:0048333","GO:0048333","mesodermal cell differentiation","7/788","34/18903",0.000427565984223774,0.00989128093860533,0.00799676981771907,"ITGA2/INHBA/KLF4/ITGA8/FGFR2/BMP4/EYA2",7
"224","GO:0051973","GO:0051973","positive regulation of telomerase activity","7/788","34/18903",0.000427565984223774,0.00989128093860533,0.00799676981771907,"NEK2/PARM1/PKIB/MYC/MAPK15/KLF4/DKC1",7
"220","GO:0003179","GO:0003179","heart valve morphogenesis","9/788","55/18903",0.000412434183753998,0.00967740258465343,0.00782385632186732,"FGFRL1/MEF2C/SOX4/TWIST1/BMP4/STRA6/SOX9/BMP2/SNAI1",9
"221","GO:0044242","GO:0044242","cellular lipid catabolic process","21/788","222/18903",0.000414071631107546,0.00967740258465343,0.00782385632186732,"FUCA1/FABP1/NEU4/MGLL/ETFDH/ADTRP/CYP2W1/TWIST1/AKR1B10/ENPP2/CEL/SMPD1/ACACB/ACADS/PLA2G10/GDPD3/SMPD3/ACOX1/ABHD3/ACAA2/PCK1",21
"222","GO:0016042","GO:0016042","lipid catabolic process","28/788","336/18903",0.00041458575333714,0.00967740258465343,0.00782385632186732,"FUCA1/FABP1/NEU4/PLCD1/MGLL/NAAA/SPP1/ETFDH/HPGD/ADTRP/CYP2W1/TWIST1/AKR1B10/ENPP2/CEL/PLCE1/SMPD1/CYP27B1/ACACB/ACADS/PLA2G10/GDPD3/SMPD3/PLCD3/ACOX1/ABHD3/ACAA2/PCK1",28
"218","GO:0006805","GO:0006805","xenobiotic metabolic process","14/788","118/18903",0.000400499392942999,0.00947665686863298,0.00766156012455245,"FMO5/FMO4/UGT1A8/UGT1A10/SULT1B1/CMBL/CYP2W1/NAT1/NAT2/SULT1A2/SULT1A1/CES2/CES3/SMOX",14
"219","GO:0007088","GO:0007088","regulation of mitotic nuclear division","14/788","118/18903",0.000400499392942999,0.00947665686863298,0.00766156012455245,"NUF2/NEK2/CENPF/EREG/MAD2L1/MTBP/CHEK1/BMP4/BUB1B/PKMYT1/SMPD3/AURKA/BMP7/EDN3",14
"217","GO:0042475","GO:0042475","odontogenesis of dentin-containing tooth","12/788","91/18903",0.000388391505689163,0.00927486074876148,0.00749841471085553,"CNNM4/EDAR/MSX1/LEF1/MSX2/SHH/BMP4/JAG2/WDR72/SMPD3/BMP2/BMP7",12
"215","GO:0022407","GO:0022407","regulation of cell-cell adhesion","37/788","490/18903",0.000380131854138176,0.00913152273699735,0.00738253072238913,"PDPN/ZBTB7B/CD1D/DUSP10/IL1RN/SERPINE2/CCR2/HHLA2/EPHB3/LEF1/CCL28/BMP6/GCNT2/ADTRP/SOX4/CITED2/ZP3/FGL2/SHH/RIPK2/KLF4/ANK3/VSIR/THY1/IL23A/HSPH1/CTSG/BMP4/EBI3/TNFSF9/CD209/FCHO1/FXYD5/BMP2/FOXA2/BMP7/PCK1",37
"216","GO:0060389","GO:0060389","pathway-restricted SMAD protein phosphorylation","10/788","66/18903",0.000380626960862877,0.00913152273699735,0.00738253072238913,"BMP3/BMP6/BMP5/INHBA/ACVRL1/BMP4/GDF15/BMP2/BMP7/PMEPA1",10
"214","GO:0090030","GO:0090030","regulation of steroid hormone biosynthetic process","5/788","16/18903",0.00036979476250983,0.00895456289404645,0.00723946460791503,"CLCN2/NR3C1/BMP6/BMP5/BMP2",5
"213","GO:0007565","GO:0007565","female pregnancy","19/788","189/18903",0.000360112764965147,0.00876105327722719,0.00708301855478767,"OVGP1/AGT/SPP1/HPGD/ITGA2/STC2/CLIC5/CITED2/PTN/ANGPT2/STC1/PCSK5/FOSL1/TEAD4/CYP27B1/HSD11B2/BCL2/LIF/TIMP1",19
"212","GO:0032330","GO:0032330","regulation of chondrocyte differentiation","9/788","54/18903",0.00035799135230085,0.00875052446991983,0.00707450636622335,"ADAMTS12/BMP6/SCIN/LOXL2/CCN4/ACVRL1/BMP4/AXIN2/SOX9",9
"211","GO:1901987","GO:1901987","regulation of cell cycle phase transition","35/788","453/18903",0.000355882185120006,0.00874019660327901,0.00706615663146731,"CLSPN/CDC14A/NUF2/KIF14/PROX1/CENPF/CENPE/MAD2L1/INHBA/NPM2/MTBP/MAPK15/CDKN2A/CDKN2B/KLF4/CDK1/GPR15LG/CDCA5/CCND1/CHEK1/E2F7/APPL2/BRCA2/DPF3/BUB1B/TICRR/TFAP4/CDC6/BRCA1/CDK5RAP3/EME1/BCL2/CDC25B/E2F1/AURKA",35
"210","GO:0019233","GO:0019233","sensory perception of pain","13/788","103/18903",0.000348944637398661,0.00861062433809458,0.00696140178870512,"SLC9A1/SCN9A/CCR2/MGLL/P2RY1/ITGA2/P2RX4/EDNRB/BDKRB1/NDN/HOXB8/TMEM100/GRIN2D",13
"209","GO:0006631","GO:0006631","fatty acid metabolic process","32/788","400/18903",0.000343675813254815,0.00852118691046149,0.00688909461976411,"FMO4/FABP1/UGT1A8/MGLL/PPARGC1A/NAAA/HPGDS/ETFDH/HPGD/ACSL6/LTC4S/ADTRP/TWIST1/MLXIPL/PRKAR2B/AKR1C2/SCD/FADS1/DGAT2/APPL2/ACACB/ACADS/PLA2G10/CES2/BRCA1/ACSF2/SOX9/ACOX1/ABHD3/ACAA2/TRIB3/PCK1",32
"208","GO:0030177","GO:0030177","positive regulation of Wnt signaling pathway","16/788","144/18903",0.000338518601140913,0.00843367014957794,0.00681834024565199,"ASPM/ATP6V1C2/LEF1/SOX4/DAAM2/PTK7/SFRP4/SHH/SULF1/CCN4/FGFR2/LGR5/NKD1/CDH3/PPM1N/BMP2",16
"207","GO:0007059","GO:0007059","chromosome segregation","31/788","382/18903",0.00033092170366622,0.00828423318066836,0.00669752545431759,"KIF2C/NUF2/KIF14/NEK2/CENPF/HJURP/KAT2B/SGO1/ECT2/NCAPG/CENPE/MAD2L1/MND1/NR3C1/NCAPG2/DSCC1/MAPK15/KIF18A/CDCA5/SKA3/DPF3/BUB1B/KIF23/CDC6/TOP2A/BRCA1/KIF18B/EME1/AXIN2/RIOK3/BEX4",31
"206","GO:0044706","GO:0044706","multi-multicellular organism process","21/788","218/18903",0.000324262192679795,0.00815692564304222,0.0065946015680408,"OVGP1/AGT/SERPINE2/SPP1/HPGD/ITGA2/STC2/CLIC5/CITED2/PTN/ANGPT2/STC1/PCSK5/FOSL1/TEAD4/CYP27B1/HSD11B2/P2RX1/BCL2/LIF/TIMP1",21
"205","GO:0048880","GO:0048880","sensory system development","32/788","398/18903",0.000314687118789946,0.00795467633936341,0.00643108977039273,"MFAP2/GRHL3/PROX1/THRB/COL8A1/CLCN2/SLC7A11/PDE6A/BMP6/SLC44A4/CITED2/TWIST1/INHBA/WNT2/SHH/KLF4/FJX1/THY1/ACVRL1/SLC39A5/COL4A1/BMP4/STRA6/NKD1/RPGRIP1L/HSF4/SOX9/BCL2/PBX4/BFSP1/TGIF2/BMP7",32
"204","GO:0055076","GO:0055076","transition metal ion homeostasis","16/788","143/18903",0.000312728731148169,0.00794392296475397,0.0064223960266755,"SLC39A10/SLC11A1/BMP6/SRI/TFR2/SCARA5/MYC/SLC39A5/ANKRD9/MT2A/MT1E/MT1M/MT1F/MT1G/MT1X/HMOX1",16
"203","GO:0048568","GO:0048568","embryonic organ development","35/788","449/18903",0.000301821526961263,0.00770462636804564,0.00622893273168695,"MFAP2/GRHL3/COL11A1/PROX1/MSX1/KIT/LEF1/EDNRA/MEF2C/SLC44A4/MDFI/PTK7/BMP5/TCF21/CITED2/MTHFD1L/TWIST1/WNT2/SHH/FZD3/PCSK5/ITGA8/FGFR2/ASCL2/TEAD4/E2F7/BMP4/STRA6/PLCD3/HOXB8/SOX9/PBX4/SNAI1/BMP7/LIF",35
"202","GO:0048863","GO:0048863","stem cell differentiation","23/788","248/18903",0.000299206281522036,0.00767567797449104,0.0062055289236983,"SLC9A1/TACSTD2/MSX1/KIT/EDNRA/MEF2C/MSX2/CITED2/TWIST1/PUS7/PTN/SHH/FGFR2/PDX1/EDNRB/BMP4/EPOP/SOX9/BCL2/SLC4A11/BMP7/EDN3/LIF",23
"200","GO:0034767","GO:0034767","positive regulation of ion transmembrane transport","19/788","186/18903",0.000293908067484484,0.00759794312256971,0.00614268289581902,"PINK1/SLC9A1/AGT/CCR2/CXCL11/EDNRA/ADRB2/SRI/ANK3/THY1/TESC/P2RX4/AKAP5/BDKRB1/CHP1/CEMIP/CHP2/P2RX1/EDN3",19
"201","GO:0055069","GO:0055069","zinc ion homeostasis","8/788","42/18903",0.000294709874109709,0.00759794312256971,0.00614268289581902,"SLC39A10/SLC39A5/MT2A/MT1E/MT1M/MT1F/MT1G/MT1X",8
"199","GO:0045787","GO:0045787","positive regulation of cell cycle","30/788","362/18903",0.000287976318338286,0.00749896121421608,0.00606265933343761,"CDC14A/KIF14/PROX1/KAT2B/ECT2/MSX1/NCAPG/EREG/MAD2L1/MSX2/CITED2/NCAPG2/NPM2/MTBP/MAPK15/CKS2/CDK1/FGFR2/CDCA5/FOSL1/CCND1/CHEK1/E2F7/BRCA2/KIF23/SMPD3/CDC6/CDC25B/AURKA/EDN3",30
"198","GO:0006469","GO:0006469","negative regulation of protein kinase activity","21/788","216/18903",0.000286127740080858,0.00748845428837883,0.00605416483531003,"DUSP10/AGT/KAT2B/PKIB/PRKAR2B/NCAPG2/CDKN2A/CDKN2B/PDCD4/SMPD1/THY1/BMP4/CHP1/TFAP4/DBNDD1/SRCIN1/CDK5RAP3/PTPRH/TRIB3/BMP2/BMP7",21
"197","GO:0002685","GO:0002685","regulation of leukocyte migration","22/788","231/18903",0.000277279591873089,0.00729372002581903,0.00589672869706062,"PADI2/IL6R/CCR2/PTGER4/CCL28/ITGA2/ADTRP/BMP5/ZP3/PTN/GPR15LG/PDGFD/THY1/IL23A/P2RX4/BDKRB1/SMPD3/SPNS2/MMP28/EDN3/JAM2/HMOX1",22
"196","GO:0071900","GO:0071900","regulation of protein serine/threonine kinase activity","32/788","395/18903",0.000275274796181612,0.00727792853986281,0.00588396180882285,"PROX1/DUSP10/AGT/KAT2B/TDGF1/MST1/KIT/CCNO/MEF2C/ADRB2/PKIB/PRKAR2B/CDKN2A/CDKN2B/CKS2/PDCD4/SMPD1/CCND1/PDGFD/THY1/AJUBA/BMP4/CEMIP/PKMYT1/TFAP4/CDC6/CDK5RAP3/TRIB3/BMP2/BMP7/EDN3/LIME1",32
"188","GO:0046322","GO:0046322","negative regulation of fatty acid oxidation","5/788","15/18903",0.000263230707147668,0.00708923477706872,0.00573140921260507,"FMO4/DGAT2/APPL2/ACACB/SOX9",5
"189","GO:0061307","GO:0061307","cardiac neural crest cell differentiation involved in heart development","5/788","15/18903",0.000263230707147668,0.00708923477706872,0.00573140921260507,"EDNRA/CITED2/TWIST1/BMP4/BMP7",5
"190","GO:0061308","GO:0061308","cardiac neural crest cell development involved in heart development","5/788","15/18903",0.000263230707147668,0.00708923477706872,0.00573140921260507,"EDNRA/CITED2/TWIST1/BMP4/BMP7",5
"191","GO:1901722","GO:1901722","regulation of cell proliferation involved in kidney development","5/788","15/18903",0.000263230707147668,0.00708923477706872,0.00573140921260507,"IL6R/MYC/PDGFD/BMP4/BMP7",5
"192","GO:0001704","GO:0001704","formation of primary germ layer","15/788","127/18903",0.00026473091039305,0.00708923477706872,0.00573140921260507,"COL11A1/COL7A1/COL8A1/LEF1/ITGA2/COL12A1/INHBA/DUSP4/KLF4/ITGA8/FGFR2/BMP4/EYA2/SNAI1/BMP7",15
"193","GO:0001649","GO:0001649","osteoblast differentiation","23/788","246/18903",0.000266206350929454,0.00708923477706872,0.00573140921260507,"IL6R/AREG/BMP3/SPP1/LEF1/VCAN/MEF2C/MSX2/BMP6/TWIST1/SHH/CCN4/FGFR2/IFITM1/BMP4/ITGA11/AXIN2/SOX9/BMP2/TP53INP2/SNAI1/BMP7/GDPD2",23
"194","GO:0045930","GO:0045930","negative regulation of mitotic cell cycle","23/788","246/18903",0.000266206350929454,0.00708923477706872,0.00573140921260507,"CLSPN/NUF2/BRINP3/CENPF/MAD2L1/INHBA/FZD3/MTBP/CDKN2B/KLF4/CDK1/CCND1/CHEK1/E2F7/BMP4/BUB1B/TICRR/CDC6/BRCA1/CDK5RAP3/EME1/BCL2/BMP7",23
"195","GO:0043392","GO:0043392","negative regulation of DNA binding","9/788","52/18903",0.000266769737848012,0.00708923477706872,0.00573140921260507,"NEK2/MSX1/LEF1/MSX2/MDFI/SRI/TFAP4/E2F1/HMOX1",9
"184","GO:0001892","GO:0001892","embryonic placenta development","12/788","87/18903",0.000254122734796391,0.00706393848946864,0.00571095801013329,"LEF1/MDFI/BMP5/CITED2/WNT2/FGFR2/ASCL2/E2F7/PLCD3/SNAI1/BMP7/LIF",12
"185","GO:0010232","GO:0010232","vascular transport","12/788","87/18903",0.000254122734796391,0.00706393848946864,0.00571095801013329,"SLC6A9/SLC5A6/SLC6A6/SLC4A4/SLC12A2/SLC22A5/SLC29A1/SLC22A3/SLC2A13/SLC7A5/ATP2A3/SLC38A5",12
"186","GO:0150104","GO:0150104","transport across blood-brain barrier","12/788","87/18903",0.000254122734796391,0.00706393848946864,0.00571095801013329,"SLC6A9/SLC5A6/SLC6A6/SLC4A4/SLC12A2/SLC22A5/SLC29A1/SLC22A3/SLC2A13/SLC7A5/ATP2A3/SLC38A5",12
"187","GO:0006939","GO:0006939","smooth muscle contraction","14/788","113/18903",0.000254912485050296,0.00706393848946864,0.00571095801013329,"HTR1D/AGT/KIT/NMU/EDNRA/ITGA2/ADRB2/SULF1/PLCE1/EDNRB/SCNN1B/P2RX1/COMP/EDN3",14
"173","GO:0009994","GO:0009994","oocyte differentiation","10/788","62/18903",0.000225337037662433,0.00665154081316697,0.00537754828178605,"EREG/EDNRA/ZP3/NPM2/PDE3A/LGR5/BRCA2/BCL2/CDC25B/AURKA",10
"174","GO:0060393","GO:0060393","regulation of pathway-restricted SMAD protein phosphorylation","10/788","62/18903",0.000225337037662433,0.00665154081316697,0.00537754828178605,"BMP3/BMP6/BMP5/INHBA/ACVRL1/BMP4/GDF15/BMP2/BMP7/PMEPA1",10
"175","GO:0072175","GO:0072175","epithelial tube formation","16/788","139/18903",0.000225780732680125,0.00665154081316697,0.00537754828178605,"GRHL3/PRKACB/PROX1/SOX4/PTK7/BMP5/CITED2/MTHFD1L/TWIST1/FZD3/FGFR2/BMP4/KAT2A/SOX9/BMP7/CELSR1",16
"176","GO:0050873","GO:0050873","brown fat cell differentiation","9/788","51/18903",0.000228953505406354,0.00665154081316697,0.00537754828178605,"ZBTB7B/DUSP10/PPARGC1A/PLAC8/ADRB2/VSTM2A/DIO2/BMP7/MB",9
"177","GO:0060688","GO:0060688","regulation of morphogenesis of a branching structure","9/788","51/18903",0.000228953505406354,0.00665154081316697,0.00537754828178605,"TACSTD2/AGT/WNT2/SHH/SULF1/FGFR2/BMP4/SOX9/BMP7",9
"178","GO:0090130","GO:0090130","tissue migration","31/788","374/18903",0.000228961161729136,0.00665154081316697,0.00537754828178605,"TACSTD2/PROX1/DUSP10/AGT/FAP/TDGF1/S100P/KIT/ITGA2/MEF2C/SPARC/ADTRP/DAAM2/HDAC9/MET/PTN/ANGPT2/LOXL2/STC1/ENPP2/PTP4A3/GLIPR2/KLF4/ACVRL1/P2RX4/BMP4/SOX9/FUT1/SNAI1/HMOX1/SRPX2",31
"179","GO:0061437","GO:0061437","renal system vasculature development","7/788","31/18903",0.000233022417639896,0.00665154081316697,0.00537754828178605,"IL6R/EDNRA/TCF21/ANGPT2/PDGFD/BMP4/BMP7",7
"180","GO:0061440","GO:0061440","kidney vasculature development","7/788","31/18903",0.000233022417639896,0.00665154081316697,0.00537754828178605,"IL6R/EDNRA/TCF21/ANGPT2/PDGFD/BMP4/BMP7",7
"181","GO:0098868","GO:0098868","bone growth","7/788","31/18903",0.000233022417639896,0.00665154081316697,0.00537754828178605,"MSX2/STC1/COL27A1/FGFR2/SMPD3/SOX9/COMP",7
"182","GO:2000573","GO:2000573","positive regulation of DNA biosynthetic process","11/788","74/18903",0.000233897212195872,0.00665154081316697,0.00537754828178605,"NEK2/PARM1/PKIB/DSCC1/MYC/MAPK15/KLF4/RFC3/CHTF18/GINS1/DKC1",11
"183","GO:0061326","GO:0061326","renal tubule development","13/788","99/18903",0.000234896173062438,0.00665154081316697,0.00537754828178605,"TACSTD2/AGT/MEF2C/TCF21/SHH/MYC/LGR5/COL4A1/BMP4/SOX9/BCL2/BMP2/LIF",13
"171","GO:0048705","GO:0048705","skeletal system morphogenesis","22/788","227/18903",0.000216624202747855,0.00653266102436956,0.00528143794856504,"COL11A1/SP5/MSX1/MEF2C/MSX2/BMP6/MDFI/CITED2/MTHFD1L/TWIST1/SFRP4/STC1/COL27A1/FGFR2/BARX2/BMP4/SMPD3/HOXB8/AXIN2/SOX9/COMP/BMP7",22
"172","GO:0030509","GO:0030509","BMP signaling pathway","18/788","167/18903",0.000216830894672243,0.00653266102436956,0.00528143794856504,"GREM2/MSX1/LEF1/MSX2/BMP6/BMP5/SFRP4/SULF1/PDCD4/ACVRL1/SLC39A5/BMP4/SMPD3/TMEM100/GDF15/COMP/BMP2/BMP7",18
"170","GO:0003007","GO:0003007","heart morphogenesis","24/788","258/18903",0.000213277184662007,0.00650119041716776,0.00525599501519992,"COL11A1/PROX1/FGFRL1/MSX1/EDNRA/MEF2C/MSX2/SOX4/BMP5/CITED2/TWIST1/WNT2/SHH/PDCD4/FGFR2/ACVRL1/BMP4/TMEM100/AXIN2/SOX9/BMP2/SNAI1/BMP7/CLDN5",24
"164","GO:0006882","GO:0006882","cellular zinc ion homeostasis","8/788","40/18903",0.000206685807962838,0.0064042282258047,0.00517760432645447,"SLC39A10/SLC39A5/MT2A/MT1E/MT1M/MT1F/MT1G/MT1X",8
"165","GO:0002067","GO:0002067","glandular epithelial cell differentiation","11/788","73/18903",0.000206791538037637,0.0064042282258047,0.00517760432645447,"NR5A2/PROX1/CLCN2/BMP6/BMP5/KLF4/FGFR2/PDX1/BMP4/SOX9/BMP2",11
"166","GO:0110148","GO:0110148","biomineralization","19/788","181/18903",0.000206963316163507,0.0064042282258047,0.00517760432645447,"CNNM4/CLEC3B/SPP1/MEF2C/ADRB2/MSX2/BMP6/TWIST1/PTN/FGFR2/CYP27B1/BMP4/WDR72/SMPD3/AXIN2/SOX9/COMP/BMP2/BMP7",19
"167","GO:0009612","GO:0009612","response to mechanical stimulus","21/788","211/18903",0.000207466828716831,0.0064042282258047,0.00517760432645447,"SLC9A1/COL11A1/TXNIP/CHI3L1/AGT/SERPINE2/P2RY1/KIT/TLR3/PTGER4/ITGA2/BMP6/CITED2/PTN/ANGPT2/GSN/FOSL1/CHEK1/BDKRB1/STRA6/SOX9",21
"168","GO:0051098","GO:0051098","regulation of binding","31/788","372/18903",0.000208327287962093,0.0064042282258047,0.00517760432645447,"PCSK9/NEK2/GREM2/HJURP/PLCL2/P2RY1/MSX1/LEF1/ITGA2/ADRB2/MSX2/MDFI/TWIST1/SRI/MET/RIPK2/KLF4/PDX1/BMP4/TFAP4/ATP2A3/CCL23/NME1/ZBTB7C/TRIB3/BMP2/E2F1/AURKA/CLDN5/LIF/HMOX1",31
"169","GO:0007369","GO:0007369","gastrulation","20/788","196/18903",0.000208860395631222,0.0064042282258047,0.00517760432645447,"COL11A1/IL1RN/COL7A1/COL8A1/UGDH/LEF1/ITGA2/COL12A1/INHBA/DUSP4/KLF4/ITGA8/FGFR2/BMP4/FOXA2/TGIF2/EYA2/SNAI1/BMP7/APLN",20
"163","GO:1901990","GO:1901990","regulation of mitotic cell cycle phase transition","30/788","354/18903",0.000196146128608529,0.00623576219907604,0.00504140517831413,"CLSPN/CDC14A/NUF2/KIF14/CENPF/CENPE/MAD2L1/INHBA/NPM2/MTBP/CDKN2A/CDKN2B/KLF4/CDK1/CDCA5/CCND1/CHEK1/E2F7/APPL2/DPF3/BUB1B/TICRR/TFAP4/CDC6/BRCA1/CDK5RAP3/BCL2/CDC25B/E2F1/AURKA",30
"161","GO:0060993","GO:0060993","kidney morphogenesis","13/788","97/18903",0.000191020970609689,0.0061275401461707,0.00495391126810607,"TACSTD2/AGT/SOX4/TCF21/SHH/MYC/BMP4/GCNT3/SOX9/BCL2/BMP2/BMP7/LIF",13
"162","GO:0090596","GO:0090596","sensory organ morphogenesis","25/788","272/18903",0.000191559533708926,0.0061275401461707,0.00495391126810607,"MFAP2/GRHL3/COL11A1/PROX1/THRB/COL8A1/MSX1/EDNRA/SLC44A4/PTK7/CITED2/TWIST1/WNT2/FZD3/ITGA8/FGFR2/FJX1/THY1/BMP4/STRA6/NKD1/RPGRIP1L/SOX9/BCL2/BMP7",25
"159","GO:0030282","GO:0030282","bone mineralization","15/788","123/18903",0.000185550965059185,0.00601147570462978,0.00486007704898059,"CLEC3B/MEF2C/ADRB2/BMP6/TWIST1/PTN/FGFR2/CYP27B1/BMP4/SMPD3/AXIN2/SOX9/COMP/BMP2/BMP7",15
"160","GO:0033673","GO:0033673","negative regulation of kinase activity","23/788","240/18903",0.000185610982775138,0.00601147570462978,0.00486007704898059,"DUSP10/AGT/KAT2B/PKIB/PRKAR2B/NCAPG2/CDKN2A/CDKN2B/PDCD4/SMPD1/THY1/AJUBA/BMP4/CHP1/TFAP4/DBNDD1/SRCIN1/CDK5RAP3/PTPRH/TRIB3/BMP2/FOXA2/BMP7",23
"155","GO:0090132","GO:0090132","epithelium migration","31/788","369/18903",0.000180482418680631,0.00597284031609914,0.00482884162954246,"TACSTD2/PROX1/DUSP10/AGT/FAP/TDGF1/S100P/KIT/ITGA2/MEF2C/SPARC/ADTRP/DAAM2/HDAC9/MET/PTN/ANGPT2/LOXL2/STC1/ENPP2/PTP4A3/GLIPR2/KLF4/ACVRL1/P2RX4/BMP4/SOX9/FUT1/SNAI1/HMOX1/SRPX2",31
"156","GO:0015697","GO:0015697","quaternary ammonium group transport","5/788","14/18903",0.000181704054641047,0.00597284031609914,0.00482884162954246,"SLC25A20/SLC22A5/SLC44A4/SLC22A3/SLC6A14",5
"157","GO:0044703","GO:0044703","multi-organism reproductive process","21/788","209/18903",0.000181781633608912,0.00597284031609914,0.00482884162954246,"OVGP1/AGT/SERPINE2/SPP1/HPGD/ITGA2/STC2/CLIC5/CITED2/PTN/ANGPT2/STC1/PCSK5/FOSL1/TEAD4/CYP27B1/HSD11B2/P2RX1/BCL2/LIF/TIMP1",21
"158","GO:0045860","GO:0045860","positive regulation of protein kinase activity","34/788","420/18903",0.000182112846380483,0.00597284031609914,0.00482884162954246,"PINK1/CLSPN/LRP8/IL6R/KIF14/CHI3L1/PROX1/AGT/ALKAL2/SLC11A1/TDGF1/ECT2/KIT/EREG/AREG/CENPE/TLR3/MEF2C/ADRB2/PILRB/ALKAL1/MOB3B/CKS2/CCND1/PDGFD/IL23A/AJUBA/CEMIP/SRCIN1/CDC6/AXIN2/CDC25B/BMP2/EDN3",34
"154","GO:0060326","GO:0060326","cell chemotaxis","28/788","319/18903",0.000177409147670665,0.00596970261837263,0.00482630490587318,"PADI2/IL6R/ACKR2/CCR2/KIT/CXCL1/CXCL3/CXCL2/CXCL11/LEF1/CCL28/SLC12A2/TREM1/MET/PTN/LPAR1/GPR15LG/PDGFD/JAML/IL23A/P2RX4/EDNRB/CTSG/CHGA/MMP28/CCL15/CCL23/EDN3",28
"151","GO:0046686","GO:0046686","response to cadmium ion","10/788","60/18903",0.000170321335541666,0.005810292069636,0.00469742680882229,"KIT/CDK1/SORD/MT2A/MT1E/MT1M/MT1F/MT1G/MT1X/HMOX1",10
"152","GO:0006730","GO:0006730","one-carbon metabolic process","8/788","39/18903",0.000171550499161387,0.005810292069636,0.00469742680882229,"MTHFD2/MTHFD1L/AHCYL2/CA1/CA2/CA9/CA12/CA7",8
"153","GO:0045922","GO:0045922","negative regulation of fatty acid metabolic process","8/788","39/18903",0.000171550499161387,0.005810292069636,0.00469742680882229,"FMO4/UGT1A8/DGAT2/APPL2/ACACB/BRCA1/SOX9/TRIB3",8
"150","GO:0010862","GO:0010862","positive regulation of pathway-restricted SMAD protein phosphorylation","9/788","49/18903",0.000166553605609934,0.00575387189513784,0.00465181298475464,"BMP3/BMP6/BMP5/INHBA/ACVRL1/BMP4/GDF15/BMP2/BMP7",9
"148","GO:0034035","GO:0034035","purine ribonucleoside bisphosphate metabolic process","6/788","21/18903",0.000163125963854263,0.00567328016572344,0.00458665726697257,"SULT1B1/SLC26A2/PAPSS2/SULT1A2/SULT1A1/SULT2B1",6
"149","GO:0050427","GO:0050427","3'-phosphoadenosine 5'-phosphosulfate metabolic process","6/788","21/18903",0.000163125963854263,0.00567328016572344,0.00458665726697257,"SULT1B1/SLC26A2/PAPSS2/SULT1A2/SULT1A1/SULT2B1",6
"147","GO:0010631","GO:0010631","epithelial cell migration","31/788","366/18903",0.000156014044126242,0.00549976038545704,0.00444637232812347,"TACSTD2/PROX1/DUSP10/AGT/FAP/TDGF1/S100P/KIT/ITGA2/MEF2C/SPARC/ADTRP/DAAM2/HDAC9/MET/PTN/ANGPT2/LOXL2/STC1/ENPP2/PTP4A3/GLIPR2/KLF4/ACVRL1/P2RX4/BMP4/SOX9/FUT1/SNAI1/HMOX1/SRPX2",31
"144","GO:0090100","GO:0090100","positive regulation of transmembrane receptor protein serine/threonine kinase signaling pathway","15/788","121/18903",0.000154322627142737,0.00547906938625729,0.00442964434729611,"MSX1/BMP3/MSX2/BMP6/BMP5/CITED2/INHBA/SULF1/CDKN2B/ITGA8/ACVRL1/BMP4/GDF15/BMP2/BMP7",15
"145","GO:2000278","GO:2000278","regulation of DNA biosynthetic process","15/788","121/18903",0.000154322627142737,0.00547906938625729,0.00442964434729611,"NEK2/PARM1/PKIB/DSCC1/MYC/MAPK15/KLF4/CHEK1/ACVRL1/RFC3/DACH1/PIF1/CHTF18/GINS1/DKC1",15
"146","GO:0098773","GO:0098773","skin epidermis development","13/788","95/18903",0.000154369766575369,0.00547906938625729,0.00442964434729611,"EDAR/MSX2/FOXQ1/INHBA/SHH/FZD3/FGFR2/LGR5/PLA2G10/CDH3/SOX9/BCL2/SNAI1",13
"140","GO:0043583","GO:0043583","ear development","22/788","221/18903",0.000147495413933979,0.00540959296701606,0.00437347498602936,"GRHL3/COL11A1/PROX1/MSX1/EDNRA/SLC44A4/PTK7/BMP5/TWIST1/SHH/FZD3/ITGA8/FGFR2/LGR5/BMP4/JAG2/STRA6/RPGRIP1L/SOX9/ATP8B1/BCL2/BMP2",22
"141","GO:0003156","GO:0003156","regulation of animal organ formation","7/788","29/18903",0.000148735104517387,0.00540959296701606,0.00437347498602936,"CITED2/WNT2/SHH/SULF1/BMP4/BMP2/BMP7",7
"142","GO:0072012","GO:0072012","glomerulus vasculature development","7/788","29/18903",0.000148735104517387,0.00540959296701606,0.00437347498602936,"IL6R/EDNRA/TCF21/ANGPT2/PDGFD/BMP4/BMP7",7
"143","GO:0098657","GO:0098657","import into cell","24/788","252/18903",0.000149280546947761,0.00540959296701606,0.00437347498602936,"SLC9A1/SLC6A9/AGT/SLC5A6/SLC9A2/SLC39A10/SLC6A6/SLC9A9/SLC7A11/SLC12A2/SLC36A1/NEURL1B/SLC29A1/SLC22A3/TFR2/MAPK15/SLC39A5/AKAP5/STRA6/SCNN1B/SLC7A5/P2RX1/SLC9A7/SLC6A14",24
"139","GO:0031016","GO:0031016","pancreas development","12/788","82/18903",0.00014353261215006,0.00535097838965189,0.00432608706063794,"IL6R/NR5A2/PROX1/BMP6/SOX4/BMP5/MET/SHH/PDX1/BMP4/SOX9/FOXA2",12
"136","GO:0043433","GO:0043433","negative regulation of DNA-binding transcription factor activity","20/788","190/18903",0.000137105786412901,0.00519829370648452,0.0042026466009483,"PROX1/HES6/BHLHE40/IRAK2/MSX2/MDFI/TWIST1/SFRP4/SRI/CDKN2A/KLF4/NDN/CHP1/PLA2G10/CDK5RAP3/FOXA2/FOXS1/E2F1/BMP7/HMOX1",20
"137","GO:0022404","GO:0022404","molting cycle process","13/788","94/18903",0.000138433911905609,0.00519829370648452,0.0042026466009483,"EDAR/MSX2/FOXQ1/INHBA/SHH/FZD3/FGFR2/LGR5/PLA2G10/CDH3/SOX9/BCL2/SNAI1",13
"138","GO:0022405","GO:0022405","hair cycle process","13/788","94/18903",0.000138433911905609,0.00519829370648452,0.0042026466009483,"EDAR/MSX2/FOXQ1/INHBA/SHH/FZD3/FGFR2/LGR5/PLA2G10/CDH3/SOX9/BCL2/SNAI1",13
"135","GO:0071453","GO:0071453","cellular response to oxygen levels","19/788","175/18903",0.000133021147420965,0.00510604137729956,0.00412806367824905,"PINK1/SLC9A1/CLCA1/FABP1/STC2/SLC29A1/CITED2/TWIST1/HILPDA/STC1/MYC/LPAR1/AJUBA/ACAA2/PMAIP1/BCL2/E2F1/BMP7/HMOX1",19
"134","GO:0031214","GO:0031214","biomineral tissue development","19/788","174/18903",0.00012328290915435,0.00476755250177496,0.00385440674339603,"CNNM4/CLEC3B/SPP1/MEF2C/ADRB2/MSX2/BMP6/TWIST1/PTN/FGFR2/CYP27B1/BMP4/WDR72/SMPD3/AXIN2/SOX9/COMP/BMP2/BMP7",19
"133","GO:2001053","GO:2001053","regulation of mesenchymal cell apoptotic process","5/788","13/18903",0.000120952411965471,0.00471259698349677,0.00380997704489572,"MSX1/MSX2/SHH/SOX9/BMP7",5
"126","GO:0008207","GO:0008207","C21-steroid hormone metabolic process","8/788","37/18903",0.000115887218239367,0.00459364136650395,0.00371380540711485,"DHRS9/CLCN2/BMP6/BMP5/AKR1C2/EDNRB/SCNN1B/BMP2",8
"127","GO:0006821","GO:0006821","chloride transport","15/788","118/18903",0.000116039749080583,0.00459364136650395,0.00371380540711485,"BEST4/CLCA1/PACC1/CLCN2/SLC12A2/SLC26A2/CLIC5/SLC26A3/CA2/ANO5/CA7/ATP8B1/BEST2/SLC6A14/GABRE",15
"128","GO:0007292","GO:0007292","female gamete generation","18/788","159/18903",0.000116308588707971,0.00459364136650395,0.00371380540711485,"ASPM/EREG/EDNRA/HPGD/PAQR8/INHBA/ZP3/PTN/NPM2/FOSL1/PDE3A/LGR5/BRCA2/PAQR5/TOP2A/BCL2/CDC25B/AURKA",18
"129","GO:0036294","GO:0036294","cellular response to decreased oxygen levels","18/788","159/18903",0.000116308588707971,0.00459364136650395,0.00371380540711485,"PINK1/SLC9A1/CLCA1/FABP1/STC2/SLC29A1/CITED2/TWIST1/HILPDA/STC1/MYC/AJUBA/ACAA2/PMAIP1/BCL2/E2F1/BMP7/HMOX1",18
"130","GO:0033674","GO:0033674","positive regulation of kinase activity","39/788","496/18903",0.000116431972970869,0.00459364136650395,0.00371380540711485,"PINK1/CLSPN/LRP8/IL6R/KIF14/CHI3L1/PROX1/AGT/ALKAL2/SLC11A1/TDGF1/ECT2/EPHB3/KIT/EREG/AREG/CENPE/TLR3/MEF2C/ADRB2/PILRB/MET/ALKAL1/MOB3B/CKS2/FGFR2/CCND1/PDGFD/IL23A/AJUBA/TYRO3/TNFAIP8L3/CEMIP/SRCIN1/CDC6/AXIN2/CDC25B/BMP2/EDN3",39
"131","GO:0003272","GO:0003272","endocardial cushion formation","7/788","28/18903",0.000117012863832212,0.00459364136650395,0.00371380540711485,"MSX1/MSX2/BMP5/TMEM100/BMP2/SNAI1/BMP7",7
"132","GO:0060512","GO:0060512","prostate gland morphogenesis","7/788","28/18903",0.000117012863832212,0.00459364136650395,0.00371380540711485,"SHH/SULF1/FGFR2/BMP4/SOX9/SERPINB5/BMP7",7
"125","GO:0015698","GO:0015698","inorganic anion transport","20/788","186/18903",0.000102311032012301,0.00424140614310193,0.00342903500975963,"BEST4/CLCA1/PACC1/SLC5A6/SLC11A1/CLCN2/SLC4A4/SLC12A2/SLC26A2/CLIC5/SFRP4/SLC26A3/CA2/ANO5/CA7/ATP8B1/BEST2/SLC4A11/SLC6A14/GABRE",20
"111","GO:0003401","GO:0003401","axis elongation","7/788","27/18903",9.10124129240209e-05,0.0041557497098893,0.00335978464834943,"AREG/PTK7/SHH/FGFR2/BMP4/NKD1/SOX9",7
"112","GO:0014829","GO:0014829","vascular associated smooth muscle contraction","7/788","27/18903",9.10124129240209e-05,0.0041557497098893,0.00335978464834943,"AGT/EDNRA/EDNRB/SCNN1B/P2RX1/COMP/EDN3",7
"113","GO:0071280","GO:0071280","cellular response to copper ion","7/788","27/18903",9.10124129240209e-05,0.0041557497098893,0.00335978464834943,"AOC1/MT2A/MT1E/MT1M/MT1F/MT1G/MT1X",7
"114","GO:0072503","GO:0072503","cellular divalent inorganic cation homeostasis","29/788","323/18903",9.22492648683927e-05,0.0041557497098893,0.00335978464834943,"SLC39A10/SLC11A1/CCR2/P2RY1/CXCL11/EDNRA/STC2/SCGN/SRI/STC1/JPH1/THY1/SLC39A5/BDKRB1/CEMIP/MT2A/MT1E/MT1M/MT1F/MT1G/MT1X/P2RX1/ATP2A3/CCL15/CCL23/BCL2/SLC25A23/EDN3/LIME1",29
"115","GO:0048477","GO:0048477","oogenesis","14/788","103/18903",9.38598474072811e-05,0.0041557497098893,0.00335978464834943,"ASPM/EREG/EDNRA/PAQR8/ZP3/PTN/NPM2/PDE3A/LGR5/BRCA2/PAQR5/BCL2/CDC25B/AURKA",14
"116","GO:0046320","GO:0046320","regulation of fatty acid oxidation","8/788","36/18903",9.42430120023563e-05,0.0041557497098893,0.00335978464834943,"FMO4/FABP1/PPARGC1A/TWIST1/DGAT2/APPL2/ACACB/SOX9",8
"117","GO:0031667","GO:0031667","response to nutrient levels","38/788","474/18903",9.51382481420862e-05,0.0041557497098893,0.00335978464834943,"PCSK9/HMGCS2/PROX1/PPARGC1A/SPP1/CCL28/ITGA2/HTR4/ADRB2/STC2/SLC22A3/AOC1/STC1/GPT/CDKN2B/FADS1/CCND1/SLC39A5/CYP27B1/APPL2/ACACB/PDX1/SSTR1/SORD/SCNN1B/HSD11B2/SLC7A5/KRT20/KAT2A/DSC2/PMAIP1/RNF152/BCL2/GDF15/FOXA2/BMP7/PCK1/HMOX1",38
"118","GO:0051348","GO:0051348","negative regulation of transferase activity","26/788","276/18903",9.63370680493412e-05,0.0041557497098893,0.00335978464834943,"DUSP10/AGT/KAT2B/MAD2L1/PKIB/PRKAR2B/NCAPG2/CDKN2A/CDKN2B/PDCD4/SMPD1/THY1/AJUBA/BMP4/BUB1B/CHP1/PIF1/TFAP4/DBNDD1/SRCIN1/CDK5RAP3/PTPRH/TRIB3/BMP2/FOXA2/BMP7",26
"119","GO:1904064","GO:1904064","positive regulation of cation transmembrane transport","19/788","171/18903",9.77291599735506e-05,0.0041557497098893,0.00335978464834943,"PINK1/SLC9A1/AGT/CCR2/CXCL11/EDNRA/ADRB2/SRI/ANK3/THY1/TESC/P2RX4/AKAP5/BDKRB1/CHP1/CEMIP/CHP2/P2RX1/EDN3",19
"120","GO:0001667","GO:0001667","ameboidal-type cell migration","39/788","492/18903",9.82100549715186e-05,0.0041557497098893,0.00335978464834943,"TACSTD2/PROX1/DUSP10/AGT/FAP/TDGF1/S100P/KIT/EDNRA/ITGA2/MEF2C/SPARC/ADTRP/DAAM2/HDAC9/TWIST1/MET/PTN/SHH/ANGPT2/LOXL2/STC1/ENPP2/PTP4A3/GLIPR2/KLF4/ACVRL1/APPL2/P2RX4/EDNRB/BMP4/SOX9/FUT1/SNAI1/BMP7/EDN3/HMOX1/TIMP1/SRPX2",39
"121","GO:0007178","GO:0007178","transmembrane receptor protein serine/threonine kinase signaling pathway","33/788","390/18903",9.87155849333245e-05,0.0041557497098893,0.00335978464834943,"GREM2/TDGF1/MSX1/BMP3/LEF1/HPGD/MSX2/BMP6/GCNT2/BMP5/CITED2/SFRP4/INHBA/SHH/SULF1/CDKN2B/ITGA8/PBLD/PDCD4/ACVRL1/SLC39A5/APPL2/BMP4/SMPD3/TMEM100/GDF15/COMP/LTBP4/BMP2/TGIF2/BMP7/PMEPA1/CLDN5",33
"122","GO:0050878","GO:0050878","regulation of body fluid levels","33/788","390/18903",9.87155849333245e-05,0.0041557497098893,0.00335978464834943,"PDPN/GRHL3/PRKACB/ZBTB7B/GRHL1/FAP/SERPINE2/P2RY1/CLDN1/SLC7A11/ITGA2/F2RL2/ADTRP/SLC29A1/MET/SHH/KLF4/CEL/PLAU/PAPSS2/CCND1/EDNRB/CTSG/TYRO3/RAB27A/SCNN1B/HSD11B2/P2RX1/NME1/COMP/FOXA2/SCUBE1/APLN",33
"123","GO:0001942","GO:0001942","hair follicle development","13/788","91/18903",9.88193595802784e-05,0.0041557497098893,0.00335978464834943,"EDAR/MSX2/FOXQ1/INHBA/SHH/FZD3/FGFR2/LGR5/PLA2G10/CDH3/SOX9/BCL2/SNAI1",13
"124","GO:0061333","GO:0061333","renal tubule morphogenesis","12/788","79/18903",9.94428722551666e-05,0.0041557497098893,0.00335978464834943,"TACSTD2/AGT/MEF2C/TCF21/SHH/MYC/LGR5/COL4A1/BMP4/SOX9/BCL2/BMP2",12
"110","GO:0097501","GO:0097501","stress response to metal ion","6/788","19/18903",8.76065802660904e-05,0.00412706635398982,0.00333659511444057,"MT2A/MT1E/MT1M/MT1F/MT1G/MT1X",6
"109","GO:0035148","GO:0035148","tube formation","18/788","155/18903",8.36077862670974e-05,0.00397482154528531,0.00321351027854223,"GRHL3/PRKACB/PROX1/EDAR/SOX4/PTK7/BMP5/CITED2/MTHFD1L/TWIST1/SHH/FZD3/FGFR2/BMP4/KAT2A/SOX9/BMP7/CELSR1",18
"108","GO:0030004","GO:0030004","cellular monovalent inorganic cation homeostasis","15/788","114/18903",7.79962124833448e-05,0.0037423738248953,0.00302558407099135,"SLC9A1/AGT/SLC9A2/SLC11A1/SLC9A9/SLC4A4/SLC12A2/SLC26A3/CA2/CHP1/SCNN1B/CA7/BCL2/TMPRSS3/SLC9A7",15
"104","GO:0043588","GO:0043588","skin development","28/788","302/18903",6.9646346629685e-05,0.00340901278100043,0.00275607281650688,"GRHL3/GJB3/TXNIP/GRHL1/EDAR/CLDN1/EREG/ITGA2/MSX2/ADAMTS2/FOXQ1/INHBA/MET/SHH/FZD3/KLF4/FGFR2/KRT80/CYP27B1/LGR5/PLA2G10/CDH3/ETV4/SOX9/EVPL/BCL2/COMP/SNAI1",28
"105","GO:0030318","GO:0030318","melanocyte differentiation","7/788","26/18903",6.99170116197861e-05,0.00340901278100043,0.00275607281650688,"KIT/MEF2C/EDNRB/RAB27A/BCL2/GNA11/EDN3",7
"106","GO:0010948","GO:0010948","negative regulation of cell cycle process","29/788","318/18903",6.99743267892873e-05,0.00340901278100043,0.00275607281650688,"CLSPN/NUF2/NEK2/PROX1/CENPF/KAT2B/MAD2L1/INHBA/MTBP/CDKN2B/KLF4/CDK1/GPR15LG/CCND1/CHEK1/E2F7/BRCA2/BMP4/BUB1B/TICRR/CDC6/KAT2A/BRCA1/CDK5RAP3/EME1/BCL2/E2F1/BMP7/LIF",29
"107","GO:1905330","GO:1905330","regulation of morphogenesis of an epithelium","11/788","65/18903",7.03906537180714e-05,0.00340901278100043,0.00275607281650688,"TACSTD2/AGT/ADAMTS12/WNT2/SHH/SULF1/BMP4/NKD1/SOX9/BMP7/LIF",11
"103","GO:0051321","GO:0051321","meiotic cell cycle","27/788","285/18903",6.46853222162949e-05,0.00325436252160039,0.00263104325417326,"RAD54L/NUF2/ASPM/NEK2/EXO1/SGO1/MSX1/EREG/EDNRA/MND1/MSX2/XRCC2/NPM2/MAPK15/CKS2/KIF18A/PDE3A/BRCA2/RPL10L/BUB1B/PKMYT1/FANCA/TOP2A/EME1/CDC25B/AURKA/LIF",27
"99","GO:0060317","GO:0060317","cardiac epithelial to mesenchymal transition","8/788","34/18903",6.08780437169435e-05,0.00316450475252085,0.00255839625323142,"MSX1/MSX2/TWIST1/WNT2/PDCD4/TMEM100/BMP2/SNAI1",8
"100","GO:0051782","GO:0051782","negative regulation of cell division","6/788","18/18903",6.21251121945033e-05,0.00316450475252085,0.00255839625323142,"TXNIP/ASPM/MYC/GPR15LG/E2F7/ORC6",6
"101","GO:0061687","GO:0061687","detoxification of inorganic compound","6/788","18/18903",6.21251121945033e-05,0.00316450475252085,0.00255839625323142,"MT2A/MT1E/MT1M/MT1F/MT1G/MT1X",6
"102","GO:0030879","GO:0030879","mammary gland development","17/788","138/18903",6.22885921955087e-05,0.00316450475252085,0.00255839625323142,"ZBTB7B/TDGF1/MSX1/AREG/LEF1/ITGA2/NR3C1/MSX2/SLC29A1/WNT2/FGFR2/CCND1/BRCA2/BMP4/NME1/SOX9/APLN",17
"98","GO:0071456","GO:0071456","cellular response to hypoxia","18/788","151/18903",5.93021560185759e-05,0.00313575278049245,0.00253515124547725,"PINK1/SLC9A1/CLCA1/FABP1/STC2/SLC29A1/CITED2/TWIST1/HILPDA/STC1/MYC/AJUBA/ACAA2/PMAIP1/BCL2/E2F1/BMP7/HMOX1",18
"96","GO:0046697","GO:0046697","decidualization","7/788","25/18903",5.29894334716173e-05,0.00283083756958681,0.00228863749557284,"SPP1/STC2/CITED2/PTN/STC1/CYP27B1/LIF",7
"97","GO:0046885","GO:0046885","regulation of hormone biosynthetic process","7/788","25/18903",5.29894334716173e-05,0.00283083756958681,0.00228863749557284,"CLCN2/NR3C1/STC2/BMP6/BMP5/CYP27B1/BMP2",7
"95","GO:0051145","GO:0051145","smooth muscle cell differentiation","12/788","74/18903",5.15499496768409e-05,0.00281191409710937,0.00227333850098423,"KIT/EREG/EDNRA/MEF2C/SHH/ITGA8/PDCD4/FGFR2/EDNRB/BMP4/SOX9/COMP",12
"94","GO:0002063","GO:0002063","chondrocyte development","8/788","33/18903",4.8305650677515e-05,0.00266297746607322,0.00215292821608634,"COL11A1/MSX2/SULF1/COL27A1/SMPD3/AXIN2/SOX9/COMP",8
"92","GO:0045926","GO:0045926","negative regulation of growth","25/788","249/18903",4.65644658064454e-05,0.00261475367370613,0.00211394089283763,"DUSP10/AGT/GNG4/SERPINE2/MSX1/PLAC8/SPP1/ADRB2/STC2/CITED2/INHBA/CDKN2A/ACVRL1/CYP27B1/BMP4/BDKRB1/NKD1/MT2A/MT1E/MT1M/MT1F/MT1G/MT1X/BCL2/GDF15",25
"93","GO:0010463","GO:0010463","mesenchymal cell proliferation","9/788","42/18903",4.69263009754284e-05,0.00261475367370613,0.00211394089283763,"MSX1/WNT2/SHH/MYC/FGFR2/BMP4/SOX9/BMP2/BMP7",9
"91","GO:0061035","GO:0061035","regulation of cartilage development","12/788","73/18903",4.48683613449104e-05,0.0025550313020805,0.00206565735283682,"ADAMTS12/BMP6/SCIN/LOXL2/CCN4/ACVRL1/BMP4/SMPD3/KAT2A/AXIN2/SOX9/BMP2",12
"89","GO:0062014","GO:0062014","negative regulation of small molecule metabolic process","15/788","108/18903",4.13033049424004e-05,0.00239895546972448,0.00193947526244763,"FMO4/PROX1/PID1/UGT1A8/MST1/BMP5/DGAT2/CYP27B1/APPL2/ACACB/BRCA1/SOX9/TRIB3/BMP2/SNAI1",15
"90","GO:0001763","GO:0001763","morphogenesis of a branching structure","22/788","203/18903",4.16646067686613e-05,0.00239895546972448,0.00193947526244763,"TACSTD2/PROX1/AGT/TDGF1/AREG/LEF1/EDNRA/MSX2/TCF21/MET/WNT2/SHH/SULF1/MYC/FGFR2/COL4A1/BMP4/SOX9/BCL2/BMP2/BMP7/CELSR1",22
"84","GO:0120254","GO:0120254","olefinic compound metabolic process","19/788","160/18903",3.93704421476849e-05,0.00235227021738866,0.00190173179735661,"RETSAT/DHRS9/MGLL/CLCN2/ADH6/ADH1C/BMP6/BMP5/AKR1B10/CEL/AKR1C2/FADS1/DGAT2/RDH5/EDNRB/PLA2G10/SCNN1B/HSD11B2/BMP2",19
"85","GO:0060571","GO:0060571","morphogenesis of an epithelial fold","7/788","24/18903",3.95692697199647e-05,0.00235227021738866,0.00190173179735661,"BMP5/WNT2/SHH/SULF1/FGFR2/BMP4/BMP7",7
"86","GO:0071294","GO:0071294","cellular response to zinc ion","7/788","24/18903",3.95692697199647e-05,0.00235227021738866,0.00190173179735661,"P2RX4/MT2A/MT1E/MT1M/MT1F/MT1G/MT1X",7
"87","GO:0061138","GO:0061138","morphogenesis of a branching epithelium","21/788","188/18903",3.96009912153245e-05,0.00235227021738866,0.00190173179735661,"TACSTD2/PROX1/AGT/AREG/LEF1/EDNRA/MSX2/TCF21/MET/WNT2/SHH/SULF1/MYC/FGFR2/COL4A1/BMP4/SOX9/BCL2/BMP2/BMP7/CELSR1",21
"88","GO:0045786","GO:0045786","negative regulation of cell cycle","35/788","405/18903",3.99459241856816e-05,0.00235227021738866,0.00190173179735661,"CLSPN/NUF2/BRINP3/NEK2/PROX1/CENPF/KAT2B/MAD2L1/HPGD/INHBA/FZD3/MTBP/CDKN2A/CDKN2B/KLF4/CDK1/GPR15LG/CCND1/CHEK1/E2F7/BRCA2/BMP4/BUB1B/TICRR/TFAP4/CDC6/KAT2A/BRCA1/CDK5RAP3/EME1/BCL2/BMP2/E2F1/BMP7/LIF",35
"83","GO:0030324","GO:0030324","lung development","21/788","187/18903",3.6580770521559e-05,0.00228387413063517,0.00184643584877368,"PDPN/HMGCS2/CHI3L1/PROX1/THRB/CLCN2/SLC7A11/ADAMTS2/PTK7/TCF21/WNT2/SHH/FGFR2/MMP12/BMP4/STRA6/SMPD3/SOX9/SIM2/LIF/CELSR1",21
"82","GO:0048754","GO:0048754","branching morphogenesis of an epithelial tube","19/788","157/18903",3.02103028769329e-05,0.00190914377449105,0.00154347888896268,"TACSTD2/AGT/AREG/LEF1/EDNRA/MSX2/TCF21/MET/WNT2/SHH/MYC/FGFR2/COL4A1/BMP4/SOX9/BCL2/BMP2/BMP7/CELSR1",19
"81","GO:0048066","GO:0048066","developmental pigmentation","10/788","49/18903",2.80772133094107e-05,0.00179624838727612,0.00145220674426841,"KIT/EDNRA/MEF2C/EDNRB/RAB27A/SPNS2/BCL2/GNA11/EDN3/GPR143",10
"79","GO:0050678","GO:0050678","regulation of epithelial cell proliferation","36/788","414/18903",2.72932617838811e-05,0.00178894084813659,0.0014462988432801,"TACSTD2/PROX1/DUSP10/CLDN1/EREG/AREG/MEF2C/SPARC/BMP6/BMP5/TWIST1/WNT2/PTN/SHH/SULF1/MYC/CDKN2B/FGFR2/CCND1/MMP12/JAML/ACVRL1/PDX1/BRCA2/EDNRB/BMP4/HSF4/CDH3/NME1/SOX9/SERPINB5/UHRF1/FUT1/BMP2/HMOX1/APLN",36
"80","GO:1903046","GO:1903046","meiotic cell cycle process","23/788","212/18903",2.7617766856605e-05,0.00178894084813659,0.0014462988432801,"RAD54L/NUF2/ASPM/SGO1/MSX1/EREG/EDNRA/MND1/MSX2/NPM2/MAPK15/CKS2/KIF18A/PDE3A/BRCA2/RPL10L/BUB1B/FANCA/TOP2A/EME1/CDC25B/AURKA/LIF",23
"76","GO:0032835","GO:0032835","glomerulus development","12/788","69/18903",2.50578437371047e-05,0.00168144962484081,0.00135939578436824,"IL6R/EDNRA/MEF2C/TCF21/ANGPT2/SULF1/PLCE1/PDGFD/EDNRB/BMP4/BCL2/BMP7",12
"77","GO:0046916","GO:0046916","cellular transition metal ion homeostasis","16/788","116/18903",2.52285207387947e-05,0.00168144962484081,0.00135939578436824,"SLC39A10/SLC11A1/BMP6/SRI/TFR2/SCARA5/MYC/SLC39A5/ANKRD9/MT2A/MT1E/MT1M/MT1F/MT1G/MT1X/HMOX1",16
"78","GO:0001503","GO:0001503","ossification","37/788","429/18903",2.53093536737906e-05,0.00168144962484081,0.00135939578436824,"COL11A1/IL6R/CLEC3B/AREG/BMP3/SPP1/LEF1/ADAMTS12/PTGER4/VCAN/MEF2C/ADRB2/SLC26A2/MSX2/BMP6/BMP5/TWIST1/PTN/SHH/STC1/CCN4/FGFR2/IFITM1/CYP27B1/BMP4/ITGA11/CDH11/SMPD3/AXIN2/SOX9/BCL2/COMP/BMP2/TP53INP2/SNAI1/BMP7/GDPD2",37
"75","GO:0050679","GO:0050679","positive regulation of epithelial cell proliferation","24/788","224/18903",2.29032319778404e-05,0.00158246064145558,0.00127936650206042,"PROX1/CLDN1/AREG/BMP6/BMP5/TWIST1/WNT2/PTN/SHH/MYC/FGFR2/CCND1/MMP12/JAML/ACVRL1/PDX1/BMP4/HSF4/CDH3/NME1/SOX9/BMP2/HMOX1/APLN",24
"74","GO:0072111","GO:0072111","cell proliferation involved in kidney development","7/788","22/18903",2.09744407490547e-05,0.00146877772921083,0.00118745766971889,"IL6R/SHH/MYC/PDGFD/BMP4/BMP2/BMP7",7
"73","GO:0140013","GO:0140013","meiotic nuclear division","22/788","194/18903",2.06503489468559e-05,0.00146589189373434,0.00118512456825503,"RAD54L/NUF2/ASPM/SGO1/MSX1/EREG/MND1/MSX2/NPM2/MAPK15/CKS2/KIF18A/PDE3A/BRCA2/RPL10L/BUB1B/FANCA/TOP2A/EME1/CDC25B/AURKA/LIF",22
"72","GO:0072006","GO:0072006","nephron development","19/788","152/18903",1.90927721380335e-05,0.0013741492391568,0.00111095370042943,"TACSTD2/IL6R/AGT/EDNRA/MEF2C/TCF21/SHH/ANGPT2/SULF1/MYC/PLCE1/PDGFD/EDNRB/BMP4/SOX9/BCL2/BMP2/BMP7/LIF",19
"68","GO:0010273","GO:0010273","detoxification of copper ion","6/788","15/18903",1.86507496278036e-05,0.00136124203621519,0.00110051865854201,"MT2A/MT1E/MT1M/MT1F/MT1G/MT1X",6
"69","GO:0060572","GO:0060572","morphogenesis of an epithelial bud","6/788","15/18903",1.86507496278036e-05,0.00136124203621519,0.00110051865854201,"WNT2/SHH/SULF1/FGFR2/BMP4/BMP7",6
"70","GO:0097152","GO:0097152","mesenchymal cell apoptotic process","6/788","15/18903",1.86507496278036e-05,0.00136124203621519,0.00110051865854201,"MSX1/EDNRA/MSX2/SHH/SOX9/BMP7",6
"71","GO:1990169","GO:1990169","stress response to copper ion","6/788","15/18903",1.86507496278036e-05,0.00136124203621519,0.00110051865854201,"MT2A/MT1E/MT1M/MT1F/MT1G/MT1X",6
"66","GO:0071772","GO:0071772","response to BMP","21/788","178/18903",1.73658275582043e-05,0.00134313012547186,0.00108587578447216,"GREM2/MSX1/LEF1/ADAMTS12/MSX2/BMP6/BMP5/SFRP4/VSTM2A/SULF1/PDCD4/ACVRL1/SLC39A5/BMP4/SMPD3/TMEM100/SOX9/GDF15/COMP/BMP2/BMP7",21
"67","GO:0071773","GO:0071773","cellular response to BMP stimulus","21/788","178/18903",1.73658275582043e-05,0.00134313012547186,0.00108587578447216,"GREM2/MSX1/LEF1/ADAMTS12/MSX2/BMP6/BMP5/SFRP4/VSTM2A/SULF1/PDCD4/ACVRL1/SLC39A5/BMP4/SMPD3/TMEM100/SOX9/GDF15/COMP/BMP2/BMP7",21
"62","GO:0030323","GO:0030323","respiratory tube development","22/788","191/18903",1.61556714190101e-05,0.00131332355301092,0.00106177816754016,"PDPN/HMGCS2/CHI3L1/PROX1/THRB/CLCN2/SLC7A11/ADAMTS2/PTK7/TCF21/WNT2/SHH/PCSK5/FGFR2/MMP12/BMP4/STRA6/SMPD3/SOX9/SIM2/LIF/CELSR1",22
"63","GO:0036293","GO:0036293","response to decreased oxygen levels","30/788","309/18903",1.62032999972117e-05,0.00131332355301092,0.00106177816754016,"PLEKHN1/PINK1/SLC9A1/CLCA1/FABP1/EDNRA/ITGA2/STC2/SLC29A1/CITED2/TWIST1/HILPDA/ANGPT2/LOXL2/STC1/MYC/CA9/PLAU/ASCL2/ACVRL1/AJUBA/HSD11B2/ACAA2/PMAIP1/BCL2/BMP2/E2F1/BMP7/HMOX1/MB",30
"64","GO:0072507","GO:0072507","divalent inorganic cation homeostasis","33/788","356/18903",1.62635121923087e-05,0.00131332355301092,0.00106177816754016,"CNNM4/SLC39A10/SLC11A1/CCR2/P2RY1/CXCL11/EDNRA/STC2/SCGN/SRI/STC1/JPH1/ANK3/CNNM2/THY1/SLC39A5/CYP27B1/BDKRB1/CEMIP/MT2A/MT1E/MT1M/MT1F/MT1G/MT1X/P2RX1/ATP2A3/CCL15/CCL23/BCL2/SLC25A23/EDN3/LIME1",33
"65","GO:0010718","GO:0010718","positive regulation of epithelial to mesenchymal transition","11/788","56/18903",1.64735683029158e-05,0.00131332355301092,0.00106177816754016,"PDPN/LEF1/GCNT2/TWIST1/LOXL2/GLIPR2/BMP4/AXIN2/BMP2/SNAI1/BMP7",11
"61","GO:0051302","GO:0051302","regulation of cell division","22/788","190/18903",1.48665314736991e-05,0.00126292403437227,0.00102103184236967,"CDC14A/TXNIP/ASPM/KIF14/ECT2/EREG/MACC1/PTN/SHH/MYC/GPR15LG/FGFR2/PDGFD/E2F7/BRCA2/KIF23/ORC6/CDC6/KAT2A/KIF18B/CDC25B/AURKA",22
"60","GO:0042180","GO:0042180","cellular ketone metabolic process","24/788","218/18903",1.45697388677671e-05,0.00125833978021282,0.00101732562620549,"FMO4/PROX1/FABP1/DHRS9/UGT1A8/CLCN2/PPARGC1A/SLC7A11/BMP6/BMP5/TWIST1/MLXIPL/AKR1B10/AKR1C2/DGAT2/APPL2/ACACB/EDNRB/SCNN1B/HSD11B2/BRCA1/SOX9/TRIB3/BMP2",24
"59","GO:0010565","GO:0010565","regulation of cellular ketone metabolic process","18/788","136/18903",1.43157260388056e-05,0.00125735749717103,0.00101653148321938,"FMO4/PROX1/FABP1/UGT1A8/CLCN2/PPARGC1A/SLC7A11/BMP6/BMP5/TWIST1/MLXIPL/DGAT2/APPL2/ACACB/BRCA1/SOX9/TRIB3/BMP2",18
"58","GO:0042476","GO:0042476","odontogenesis","18/788","135/18903",1.29144709039952e-05,0.00115384117628454,0.000932841999961905,"CNNM4/EDAR/MSX1/LEF1/MSX2/TWIST1/INHBA/SHH/FGFR2/BMP4/JAG2/WDR72/SMPD3/SLC7A5/SP6/AXIN2/BMP2/BMP7",18
"56","GO:0008212","GO:0008212","mineralocorticoid metabolic process","6/788","14/18903",1.15994551494335e-05,0.00106028518669424,0.000857205111426816,"CLCN2/BMP6/BMP5/EDNRB/SCNN1B/BMP2",6
"57","GO:0050900","GO:0050900","leukocyte migration","36/788","398/18903",1.16627278351161e-05,0.00106028518669424,0.000857205111426816,"PADI2/IL6R/CCR2/GPR15/KIT/CXCL1/CXCL3/CXCL2/CXCL11/PTGER4/CCL28/ITGA2/SLC12A2/ADTRP/TREM1/BMP5/ZP3/PTN/GPR15LG/PDGFD/JAML/THY1/IL23A/P2RX4/EDNRB/CTSG/CHGA/BDKRB1/SMPD3/SPNS2/MMP28/CCL15/CCL23/EDN3/JAM2/HMOX1",36
"55","GO:0051101","GO:0051101","regulation of DNA binding","17/788","121/18903",1.10843392509577e-05,0.00104434629088114,0.00084431904724998,"NEK2/HJURP/MSX1/LEF1/ITGA2/MSX2/MDFI/TWIST1/SRI/KLF4/PDX1/TFAP4/NME1/ZBTB7C/E2F1/LIF/HMOX1",17
"54","GO:0051783","GO:0051783","regulation of nuclear division","19/788","145/18903",9.65511435309282e-06,0.000926533381069018,0.000749071250006032,"NUF2/NEK2/CENPF/MSX1/EREG/MAD2L1/MSX2/NPM2/MTBP/CHEK1/PDE3A/BMP4/BUB1B/PKMYT1/SMPD3/AURKA/BMP7/EDN3/LIF",19
"53","GO:0003018","GO:0003018","vascular process in circulatory system","28/788","270/18903",9.11951020654439e-06,0.000891647205477604,0.000720866943834095,"HTR1D/SLC6A9/AGT/SLC5A6/SLC6A6/P2RY1/SLC4A4/EDNRA/SLC12A2/SLC22A5/ADRB2/BMP6/SLC29A1/SLC22A3/PTP4A3/PDE3A/SLC2A13/EDNRB/C2CD4A/SCNN1B/SLC7A5/P2RX1/ATP2A3/COMP/EDN3/CLDN5/SLC38A5/CYSLTR1",28
"52","GO:0035725","GO:0035725","sodium ion transmembrane transport","22/788","184/18903",8.89569326636094e-06,0.000886490048197738,0.000716697554658229,"SLC9A1/SLC6A9/PCSK9/CNNM4/SLC9A2/SCN9A/SLC6A6/SLC9A9/SLC4A4/SLC12A2/SLC17A4/SLC28A3/ANK3/ASIC1/TESC/CHP1/SCNN1B/CHP2/FXYD5/SLC4A11/SLC9A7/SLC6A14",22
"51","GO:0060541","GO:0060541","respiratory system development","24/788","211/18903",8.37769258248274e-06,0.000851239273773051,0.000688198482523866,"PDPN/HMGCS2/CHI3L1/PROX1/THRB/CLCN2/FGFRL1/LEF1/SLC7A11/ADAMTS2/PTK7/TCF21/WNT2/SHH/FGFR2/MMP12/BMP4/STRA6/RPGRIP1L/SMPD3/SOX9/SIM2/LIF/CELSR1",24
"49","GO:0001837","GO:0001837","epithelial to mesenchymal transition","21/788","169/18903",7.76183238782122e-06,0.000817007502075643,0.000660523240013215,"PDPN/MSX1/LEF1/EDNRA/MSX2/GCNT2/BMP5/TWIST1/WNT2/LOXL2/GLIPR2/PDCD4/FGFR2/BMP4/TMEM100/AXIN2/SOX9/BMP2/FOXA2/SNAI1/BMP7",21
"50","GO:0060485","GO:0060485","mesenchyme development","31/788","313/18903",7.88312912076074e-06,0.000817007502075643,0.000660523240013215,"PDPN/MSX1/LEF1/EDNRA/MEF2C/MSX2/GCNT2/PTK7/BMP5/TCF21/CITED2/TWIST1/WNT2/SHH/LOXL2/MYC/GLIPR2/PDCD4/FGFR2/ACVRL1/EDNRB/BMP4/TMEM100/AXIN2/SOX9/BCL2/BMP2/FOXA2/SNAI1/BMP7/EDN3",31
"47","GO:0032341","GO:0032341","aldosterone metabolic process","6/788","13/18903",6.87071128314107e-06,0.000753682855799078,0.000609327381437838,"CLCN2/BMP6/BMP5/EDNRB/SCNN1B/BMP2",6
"48","GO:0001666","GO:0001666","response to hypoxia","30/788","296/18903",6.98123834009181e-06,0.000753682855799078,0.000609327381437838,"PLEKHN1/PINK1/SLC9A1/CLCA1/FABP1/EDNRA/ITGA2/STC2/SLC29A1/CITED2/TWIST1/HILPDA/ANGPT2/LOXL2/STC1/MYC/CA9/PLAU/ASCL2/ACVRL1/AJUBA/HSD11B2/ACAA2/PMAIP1/BCL2/BMP2/E2F1/BMP7/HMOX1/MB",30
"46","GO:0140014","GO:0140014","mitotic nuclear division","32/788","325/18903",6.38384808142456e-06,0.000719154364303089,0.000581412250894045,"KIF2C/CDC14A/NUF2/KIF14/NEK2/CENPF/KAT2B/SGO1/NCAPG/EREG/CENPE/MAD2L1/NCAPG2/NPM2/DSCC1/MTBP/KIF18A/CDCA5/CHEK1/MZT1/BMP4/DPF3/BUB1B/KIF23/PKMYT1/SMPD3/CDC6/KIF18B/UBE2S/AURKA/BMP7/EDN3",32
"45","GO:0016331","GO:0016331","morphogenesis of embryonic epithelium","20/788","153/18903",5.88335372279461e-06,0.000677500866478259,0.000547736791034445,"GRHL3/PRKACB/SOX4/PTK7/BMP5/CITED2/MTHFD1L/TWIST1/WNT2/SHH/FZD3/SULF1/FGFR2/PDX1/BMP4/JAG2/KAT2A/SOX9/BMP7/CELSR1",20
"44","GO:0050673","GO:0050673","epithelial cell proliferation","42/788","481/18903",5.37385215900493e-06,0.000632893224726445,0.000511673004613388,"TACSTD2/PROX1/DUSP10/FAP/COL8A1/CLDN1/KIT/EREG/AREG/MEF2C/SPARC/BMP6/BMP5/TWIST1/WNT2/PTN/SHH/LOXL2/SULF1/MYC/CDKN2B/FGFR2/CCND1/MMP12/JAML/ACVRL1/LGR5/PDX1/BRCA2/DACH1/EDNRB/BMP4/HSF4/CDH3/NME1/SOX9/SERPINB5/UHRF1/FUT1/BMP2/HMOX1/APLN",42
"42","GO:0070482","GO:0070482","response to oxygen levels","33/788","337/18903",5.16326660062545e-06,0.000624300005106361,0.000504725673957082,"PLEKHN1/PDPN/PINK1/SLC9A1/CLCA1/FABP1/EDNRA/ITGA2/STC2/SLC29A1/CITED2/TWIST1/HILPDA/ANGPT2/LOXL2/STC1/MYC/CA9/LPAR1/PLAU/ASCL2/ACVRL1/AJUBA/HSD11B2/SLC7A5/ACAA2/PMAIP1/BCL2/BMP2/E2F1/BMP7/HMOX1/MB",33
"43","GO:0046688","GO:0046688","response to copper ion","10/788","41/18903",5.18041301033839e-06,0.000624300005106361,0.000504725673957082,"AOC1/LOXL2/CDK1/SORD/MT2A/MT1E/MT1M/MT1F/MT1G/MT1X",10
"41","GO:0030858","GO:0030858","positive regulation of epithelial cell differentiation","13/788","69/18903",4.6304010494411e-06,0.00058523751800497,0.000473144959609129,"BMP6/SFRP4/CDKN2B/ACVRL1/CYP27B1/BMP4/ETV4/TMEM100/SOX9/SULT2B1/BMP2/BMP7/LIF",13
"40","GO:0001890","GO:0001890","placenta development","20/788","150/18903",4.33326887126554e-06,0.000561374982272451,0.000453852897569391,"GJB3/SPP1/LEF1/STC2/MDFI/BMP5/CITED2/WNT2/PTN/STC1/FGFR2/ASCL2/FOSL1/CYP27B1/E2F7/HSD17B2/PLCD3/SNAI1/BMP7/LIF",20
"39","GO:0042060","GO:0042060","wound healing","40/788","442/18903",3.80396966613512e-06,0.000505440277177235,0.000408631559277133,"PDPN/GRHL3/FAP/SLC11A1/SERPINE2/P2RY1/CLDN1/EREG/SLC7A11/ITGA2/F2RL2/SLC12A2/MSX2/ADTRP/PTK7/SHH/CCN4/PLAU/PAPSS2/FGFR2/SMPD1/SYT7/MMP12/JAML/ACVRL1/AJUBA/CTSG/TYRO3/RAB27A/TNFRSF12A/CDH3/P2RX1/FKBP10/EVPL/COMP/FOXA2/HMOX1/SCUBE1/TAFA5/TIMP1",40
"38","GO:0060349","GO:0060349","bone morphogenesis","16/788","98/18903",2.76639838476003e-06,0.000377249379732275,0.000304993506131438,"SP5/MSX1/MEF2C/MSX2/BMP6/CITED2/TWIST1/SFRP4/STC1/COL27A1/FGFR2/BMP4/SMPD3/AXIN2/SOX9/COMP",16
"36","GO:0048762","GO:0048762","mesenchymal cell differentiation","28/788","252/18903",2.41490561593262e-06,0.000342687552394428,0.000277051424674445,"PDPN/MSX1/LEF1/EDNRA/MEF2C/MSX2/GCNT2/BMP5/TCF21/CITED2/TWIST1/WNT2/SHH/LOXL2/GLIPR2/PDCD4/FGFR2/EDNRB/BMP4/TMEM100/AXIN2/SOX9/BCL2/BMP2/FOXA2/SNAI1/BMP7/EDN3",28
"37","GO:0003203","GO:0003203","endocardial cushion morphogenesis","10/788","38/18903",2.44682351188611e-06,0.000342687552394428,0.000277051424674445,"MSX1/MSX2/BMP5/TWIST1/ACVRL1/TMEM100/SOX9/BMP2/SNAI1/BMP7",10
"35","GO:0072132","GO:0072132","mesenchyme morphogenesis","12/788","55/18903",2.1299182399379e-06,0.000315349609124521,0.000254949611878281,"MSX1/LEF1/MSX2/BMP5/TWIST1/MYC/ACVRL1/TMEM100/SOX9/BMP2/SNAI1/BMP7",12
"34","GO:0060601","GO:0060601","lateral sprouting from an epithelium","6/788","11/18903",1.9877725271193e-06,0.000302959918692124,0.000244932961545969,"SHH/SULF1/FGFR2/BMP4/BMP7/CELSR1",6
"33","GO:0006066","GO:0006066","alcohol metabolic process","36/788","367/18903",1.86434803194132e-06,0.000292759136409695,0.000236685970243269,"PCSK9/HMGCS2/FMO5/RETSAT/DHRS9/P2RY1/CLCN2/SULT1B1/NAAA/ADH6/ADH1C/PLPP1/BMP6/BMP5/AKR1B10/SQLE/CEL/AKR1C2/SMPD1/MOGAT2/DGAT2/RDH5/CYP27B1/EDNRB/ITPKA/SORD/SCNN1B/APOBR/SULT1A2/SULT1A1/GDPD3/HSD11B2/ACAA2/SULT2B1/BMP2/PCK1",36
"31","GO:0071241","GO:0071241","cellular response to inorganic substance","27/788","229/18903",1.15834517728657e-06,0.000192210611636962,0.000155395850883648,"ECT2/CLDN1/MEF2C/SLC12A2/BMP6/CPNE5/TFR2/AOC1/SHH/ANK3/SMPD1/SYT7/MMP3/CPNE8/P2RX4/ITPKA/CHP2/MT2A/MT1E/MT1M/MT1F/MT1G/MT1X/SMPD3/CPNE7/SLC25A23/HMOX1",27
"32","GO:0010038","GO:0010038","response to metal ion","36/788","360/18903",1.18694318262887e-06,0.000192210611636962,0.000155395850883648,"HMGCS2/TXNIP/ECT2/CLDN1/KIT/HOMER1/MEF2C/SLC12A2/BMP6/CPNE5/TFR2/AOC1/SHH/LOXL2/ANK3/CDK1/SMPD1/SYT7/CCND1/CPNE8/P2RX4/PDX1/ITPKA/SORD/CHP2/MT2A/MT1E/MT1M/MT1F/MT1G/MT1X/SMPD3/CPNE7/BCL2/SLC25A23/HMOX1",36
"30","GO:0002062","GO:0002062","chondrocyte differentiation","18/788","114/18903",1.10898968829295e-06,0.000191559485491135,0.000154869437172138,"COL11A1/ADAMTS12/MEF2C/TGFBI/MSX2/BMP6/SCIN/LOXL2/SULF1/CCN4/COL27A1/ACVRL1/BMP4/SMPD3/AXIN2/SOX9/COMP/BMP2",18
"29","GO:0006875","GO:0006875","cellular metal ion homeostasis","40/788","420/18903",1.0703783991436e-06,0.000191265547046971,0.000154631797771018,"SLC9A1/AGT/SLC39A10/SLC11A1/CCR2/P2RY1/CXCL11/EDNRA/SLC12A2/STC2/BMP6/SCGN/SRI/TFR2/STC1/SCARA5/JPH1/MYC/THY1/SLC39A5/BDKRB1/ANKRD9/CEMIP/SCNN1B/MT2A/MT1E/MT1M/MT1F/MT1G/MT1X/P2RX1/ATP2A3/CCL15/CCL23/BCL2/SLC25A23/EDN3/LIME1/TMPRSS3/HMOX1",40
"28","GO:0006814","GO:0006814","sodium ion transport","29/788","255/18903",9.94558257914192e-07,0.000184064317589691,0.000148809844605206,"SLC9A1/SLC6A9/PCSK9/SLC5A6/CNNM4/SLC9A2/SCN9A/SERPINE2/SLC6A6/SLC9A9/SLC4A4/EDNRA/SLC12A2/SLC22A5/ADRB2/SLC17A4/SLC28A3/ANK3/ASIC1/TESC/P2RX4/EDNRB/CHP1/SCNN1B/CHP2/FXYD5/SLC4A11/SLC9A7/SLC6A14",29
"27","GO:0062012","GO:0062012","regulation of small molecule metabolic process","35/788","339/18903",7.94795117793504e-07,0.000152541788903924,0.000123324934456848,"PINK1/GUCA2A/FMO5/FMO4/PROX1/ZNF692/FABP1/PID1/UGT1A8/KAT2B/MST1/P2RY1/CLCN2/PPARGC1A/KIT/SLC4A4/SLC7A11/NR3C1/BMP6/BMP5/TWIST1/MLXIPL/GPT/DGAT2/CYP27B1/APPL2/ACACB/KAT2A/BRCA1/SOX9/PMAIP1/TRIB3/BMP2/FOXA2/SNAI1",35
"26","GO:0008202","GO:0008202","steroid metabolic process","34/788","323/18903",7.31416802127902e-07,0.000145776994947184,0.000117855824796318,"PCSK9/HMGCS2/FMO5/NR5A2/PROX1/DHRS9/UGT1A8/CLCN2/KIT/SPP1/NR3C1/BMP6/BMP5/OSBPL3/SHH/SQLE/AKR1C2/SMPD1/DGAT2/RDH5/CYP27B1/EDNRB/SCNN1B/APOBR/SULT1A2/SULT1A1/HSD11B2/HSD17B2/DHRS11/ACAA2/ATP8B1/SULT2B1/BMP2/SNAI1",34
"25","GO:0045229","GO:0045229","external encapsulating structure organization","34/788","321/18903",6.33601287244666e-07,0.000131332874820074,0.000106178236767738,"PDPN/COL11A1/AGT/FAP/COL8A1/ADAMTS12/TGFBI/ADAMTS2/ADTRP/COL12A1/COL10A1/LOXL2/SULF1/MATN2/ADAMTSL1/COL27A1/ITGA8/HPSE2/MMP7/MMP1/MMP3/MMP12/COL4A1/CTSG/WDR72/TPSAB1/SMPD3/MMP28/FKBP10/SOX9/SERPINB5/COMP/BMP2/EGFL6",34
"24","GO:0060562","GO:0060562","epithelial tube morphogenesis","35/788","335/18903",6.01057516671617e-07,0.00012977833547468,0.000104921443699695,"GRHL3/TACSTD2/PRKACB/PROX1/AGT/AREG/LEF1/EDNRA/ADAMTS12/MEF2C/NR3C1/MSX2/SOX4/PTK7/BMP5/TCF21/CITED2/MTHFD1L/TWIST1/MET/WNT2/SHH/FZD3/MYC/FGFR2/ACVRL1/LGR5/COL4A1/BMP4/KAT2A/SOX9/BCL2/BMP2/BMP7/CELSR1",35
"19","GO:0060348","GO:0060348","bone development","28/788","233/18903",4.99108479464771e-07,0.000127610100535308,0.00010316849826942,"SP5/MSX1/KIT/ADAMTS12/PTGER4/MEF2C/MSX2/BMP6/CITED2/TWIST1/SFRP4/STC1/SULF1/CCN4/COL27A1/PAPSS2/FGFR2/BMP4/TTC9/SMPD3/SPNS2/KAT2A/AXIN2/SOX9/COMP/BMP2/PLS3/BGN",28
"20","GO:0030198","GO:0030198","extracellular matrix organization","34/788","318/18903",5.09441575278729e-07,0.000127610100535308,0.00010316849826942,"PDPN/COL11A1/AGT/FAP/COL8A1/ADAMTS12/TGFBI/ADAMTS2/ADTRP/COL12A1/COL10A1/LOXL2/SULF1/MATN2/ADAMTSL1/COL27A1/ITGA8/HPSE2/MMP7/MMP1/MMP3/MMP12/COL4A1/CTSG/WDR72/TPSAB1/SMPD3/MMP28/FKBP10/SOX9/SERPINB5/COMP/BMP2/EGFL6",34
"21","GO:2000243","GO:2000243","positive regulation of reproductive process","16/788","87/18903",5.30251246571079e-07,0.000127610100535308,0.00010316849826942,"P2RY1/MSX1/UNC5C/MSX2/CITED2/INHBA/ZP3/SHH/NPM2/MAPK15/PDE3A/EDNRB/PLA2G10/SOX9/CDC25B/AURKA",16
"22","GO:0043062","GO:0043062","extracellular structure organization","34/788","319/18903",5.48061722667964e-07,0.000127610100535308,0.00010316849826942,"PDPN/COL11A1/AGT/FAP/COL8A1/ADAMTS12/TGFBI/ADAMTS2/ADTRP/COL12A1/COL10A1/LOXL2/SULF1/MATN2/ADAMTSL1/COL27A1/ITGA8/HPSE2/MMP7/MMP1/MMP3/MMP12/COL4A1/CTSG/WDR72/TPSAB1/SMPD3/MMP28/FKBP10/SOX9/SERPINB5/COMP/BMP2/EGFL6",34
"23","GO:0061008","GO:0061008","hepaticobiliary system development","21/788","144/18903",5.66389871152467e-07,0.000127610100535308,0.00010316849826942,"PCSK9/HMGCS2/PROX1/UGT1A8/UGT1A10/CLDN1/ITGA2/CITED2/MET/PTN/CDKN2B/CCND1/E2F7/PDX1/RPGRIP1L/SLC7A5/CDK5RAP3/SOX9/AURKA/PCK1/HMOX1",21
"18","GO:0003197","GO:0003197","endocardial cushion development","12/788","48/18903",4.42319693754507e-07,0.000127338925168659,0.000102949262055143,"MSX1/MSX2/BMP5/CITED2/TWIST1/ACVRL1/BMP4/TMEM100/SOX9/BMP2/SNAI1/BMP7",12
"16","GO:2000027","GO:2000027","regulation of animal organ morphogenesis","20/788","129/18903",3.84861000419883e-07,0.000120617079237042,9.75148744364963e-05,"GRHL3/TACSTD2/AGT/CELSR3/MSX1/PTK7/CITED2/WNT2/SHH/FZD3/SULF1/SAPCD2/BMP4/NKD1/SP6/SOX9/BMP2/BMP7/ZNRF3/CELSR1",20
"17","GO:0001889","GO:0001889","liver development","21/788","141/18903",3.95694779434526e-07,0.000120617079237042,9.75148744364963e-05,"PCSK9/HMGCS2/PROX1/UGT1A8/UGT1A10/CLDN1/ITGA2/CITED2/MET/PTN/CDKN2B/CCND1/E2F7/PDX1/RPGRIP1L/SLC7A5/CDK5RAP3/SOX9/AURKA/PCK1/HMOX1",21
"15","GO:0009410","GO:0009410","response to xenobiotic stimulus","42/788","432/18903",3.31849792909928e-07,0.000114643041790617,9.26850649671239e-05,"CTPS1/RAD54L/LRP8/HMGCS2/TXNIP/FMO5/FMO4/CENPF/UGT1A8/UGT1A10/SULT1B1/TLR3/CMBL/ITGA2/CCNO/MEF2C/CYP2W1/INHBA/NAT1/NAT2/FZD3/MYC/CA9/CDK1/SMPD1/FOSL1/CCND1/PDE3A/ACACB/PDX1/SORD/SCNN1B/SULT1A2/SULT1A1/CES2/CES3/HSD11B2/CDH3/BCL2/SMOX/E2F1/HMOX1",42
"14","GO:0001822","GO:0001822","kidney development","34/788","309/18903",2.59433656286628e-07,9.60275147769505e-05,7.76350339865248e-05,"PCSK9/TACSTD2/HMGCS2/IL6R/PROX1/CENPF/AGT/EDNRA/HPGD/MEF2C/BMP6/SOX4/PTK7/TCF21/SHH/ANGPT2/SULF1/MYC/PCSK5/ITGA8/PLCE1/HELLS/FGFR2/PDGFD/EDNRB/BMP4/GCNT3/STRA6/RPGRIP1L/SOX9/BCL2/BMP2/BMP7/LIF",34
"13","GO:0071248","GO:0071248","cellular response to metal ion","26/788","198/18903",2.24260702666917e-07,8.93937662476894e-05,7.22718701712007e-05,"ECT2/CLDN1/MEF2C/SLC12A2/BMP6/CPNE5/TFR2/AOC1/SHH/ANK3/SMPD1/SYT7/CPNE8/P2RX4/ITPKA/CHP2/MT2A/MT1E/MT1M/MT1F/MT1G/MT1X/SMPD3/CPNE7/SLC25A23/HMOX1",26
"12","GO:0001655","GO:0001655","urogenital system development","38/788","360/18903",1.52558833953706e-07,6.58799897956755e-05,5.32617683452413e-05,"PCSK9/TACSTD2/HMGCS2/IL6R/PROX1/CENPF/AGT/EPHB3/EDNRA/HPGD/MEF2C/BMP6/SOX4/PTK7/TCF21/SHH/ANGPT2/SULF1/MYC/PCSK5/ITGA8/PLCE1/HELLS/FGFR2/PDGFD/LGR5/EDNRB/COL4A1/BMP4/GCNT3/STRA6/RPGRIP1L/SOX9/BCL2/SERPINB5/BMP2/BMP7/LIF",38
"11","GO:2000241","GO:2000241","regulation of reproductive process","27/788","206/18903",1.3688471904846e-07,6.44851467371925e-05,5.21340843840066e-05,"OVGP1/ASPM/P2RY1/MSX1/KIT/HPGDS/UNC5C/MSX2/CITED2/INHBA/ZP3/SHH/NPM2/SULF1/MAPK15/PDE3A/EDNRB/BMP4/PLA2G10/FANCA/SOX9/CDC25B/SNAI1/AURKA/BMP7/LIF/TIMP1",27
"10","GO:0034754","GO:0034754","cellular hormone metabolic process","22/788","141/18903",9.06063956365414e-08,4.69522342188557e-05,3.79593110140458e-05,"RETSAT/DHRS9/UGT1A8/CLCN2/SPP1/ADH6/ADH1C/BMP6/BMP5/CYP2W1/AKR1B10/SHH/CEL/AKR1C2/DGAT2/RDH5/EDNRB/SCNN1B/SULT1A1/HSD17B2/DHRS11/BMP2",22
"9","GO:0001701","GO:0001701","in utero embryonic development","41/788","393/18903",6.82463258001122e-08,3.92947178106868e-05,3.1768465109292e-05,"SLC25A34/GJB3/TENT5C/NEK2/SLC25A20/MSX1/SMIM14/LEF1/EDNRA/MDFI/BMP5/CITED2/TWIST1/ZP3/WNT2/XRCC2/NCAPG2/NPM2/APBA1/KLF4/FGFR2/ASCL2/FOSL1/CHEK1/TEAD4/ACVRL1/E2F7/BRCA2/ATP11A/JAG2/RPGRIP1L/HSD17B2/FKBP10/KAT2A/PLCD3/TMEM100/BMP2/GINS1/SNAI1/BMP7/LIF",41
"7","GO:0072001","GO:0072001","renal system development","36/788","318/18903",5.62568054422311e-08,3.66486912037909e-05,2.96292410959166e-05,"PCSK9/TACSTD2/HMGCS2/IL6R/PROX1/CENPF/AGT/EDNRA/HPGD/MEF2C/BMP6/SOX4/PTK7/TCF21/SHH/ANGPT2/SULF1/MYC/PCSK5/ITGA8/PLCE1/HELLS/FGFR2/PDGFD/LGR5/EDNRB/COL4A1/BMP4/GCNT3/STRA6/RPGRIP1L/SOX9/BCL2/BMP2/BMP7/LIF",36
"8","GO:0000280","GO:0000280","nuclear division","47/788","481/18903",5.6578450333911e-08,3.66486912037909e-05,2.96292410959166e-05,"KIF2C/RAD54L/CDC14A/NUF2/ASPM/KIF14/NEK2/CENPF/KAT2B/SGO1/MSX1/NCAPG/EREG/CENPE/MAD2L1/MND1/MSX2/NCAPG2/NPM2/DSCC1/MTBP/MAPK15/CKS2/KIF18A/CDCA5/CHEK1/PDE3A/BRCA2/MZT1/RPL10L/BMP4/DPF3/BUB1B/KIF23/PKMYT1/SMPD3/FANCA/CDC6/TOP2A/KIF18B/EME1/UBE2S/CDC25B/AURKA/BMP7/EDN3/LIF",47
"5","GO:0030003","GO:0030003","cellular cation homeostasis","49/788","499/18903",2.51362868121586e-08,2.2028478806672e-05,1.78092883565692e-05,"SLC9A1/AGT/SLC9A2/SLC39A10/SLC11A1/CCR2/SLC9A9/P2RY1/SLC4A4/CXCL11/EDNRA/SLC12A2/STC2/BMP6/SCGN/SRI/TFR2/SLC26A3/STC1/SCARA5/JPH1/CA2/MYC/THY1/SLC39A5/BDKRB1/ANKRD9/CHP1/CEMIP/SCNN1B/MT2A/MT1E/MT1M/MT1F/MT1G/MT1X/CA7/P2RX1/ATP2A3/CCL15/CCL23/BCL2/SLC25A23/SLC4A11/EDN3/LIME1/TMPRSS3/HMOX1/SLC9A7",49
"6","GO:0042445","GO:0042445","hormone metabolic process","31/788","241/18903",2.550576473177e-08,2.2028478806672e-05,1.78092883565692e-05,"RETSAT/DHRS9/UGT1A8/CPA3/CLCN2/SULT1B1/SPP1/ADH6/ADH1C/NR3C1/STC2/BMP6/BMP5/CYP2W1/AKR1B10/SHH/PCSK5/CEL/AKR1C2/PAPSS2/DGAT2/RDH5/CYP27B1/EDNRB/CTSG/DIO2/SCNN1B/SULT1A1/HSD17B2/DHRS11/BMP2",31
"4","GO:0061448","GO:0061448","connective tissue development","34/788","274/18903",1.35638408546538e-08,1.7571955827204e-05,1.4206338579348e-05,"COL11A1/HMGCS2/IL6R/CHI3L1/MSX1/PPARGC1A/BMP3/ADAMTS12/MEF2C/TGFBI/MSX2/BMP6/BMP5/SCIN/LOXL2/STC1/SULF1/CCN4/COL27A1/DGAT2/PDGFD/BARX2/ACVRL1/BMP4/SMPD3/KAT2A/AXIN2/SOX9/COMP/BMP2/SNAI1/BMP7/TIMP1/BGN",34
"3","GO:0051216","GO:0051216","cartilage development","29/788","201/18903",5.31649622277724e-09,9.18336114214389e-06,7.42444033917664e-06,"COL11A1/CHI3L1/MSX1/BMP3/ADAMTS12/MEF2C/TGFBI/MSX2/BMP6/BMP5/SCIN/LOXL2/STC1/SULF1/CCN4/COL27A1/BARX2/ACVRL1/BMP4/SMPD3/KAT2A/AXIN2/SOX9/COMP/BMP2/SNAI1/BMP7/TIMP1/BGN",29
"2","GO:0034308","GO:0034308","primary alcohol metabolic process","21/788","108/18903",3.20971077795037e-09,8.31636062566941e-06,6.72349941907499e-06,"RETSAT/DHRS9/CLCN2/SULT1B1/NAAA/ADH6/ADH1C/BMP6/BMP5/AKR1B10/CEL/AKR1C2/DGAT2/RDH5/EDNRB/SCNN1B/SULT1A2/SULT1A1/GDPD3/HSD11B2/BMP2",21
"1","GO:0048732","GO:0048732","gland development","48/788","441/18903",1.27292680216474e-09,6.5963066888177e-06,5.33289333959545e-06,"PCSK9/HMGCS2/ZBTB7B/PROX1/EDAR/SERPINE2/UGT1A8/UGT1A10/TDGF1/CLCN2/EPHB3/CLDN1/MSX1/AREG/LEF1/EDNRA/ITGA2/NR3C1/MSX2/SLC29A1/TCF21/CITED2/MET/WNT2/PTN/SHH/SULF1/CDKN2B/FGFR2/CCND1/E2F7/PDX1/BRCA2/BMP4/STRA6/RPGRIP1L/SLC7A5/CDK5RAP3/NME1/SOX9/BCL2/SERPINB5/BMP2/AURKA/BMP7/PCK1/HMOX1/APLN",48
